2026-2027学年 第一学期 课表,,,,,,,
节次/星期,星期一,星期二,星期三,星期四,星期五,星期六,星期日
"第一单节08:00-08:45
(08:00-08:45)",,"大学生心理健康教育 05
9周 毛雪莹 08:00-10:30 【3-227】
6周 邝佳慧 08:00-10:30 【3-227】
8周 杨昳晗 08:00-10:30 【3-227】
10周 夏晓彤 08:00-10:30 【3-227】
7周 杨帆 08:00-10:30 【3-227】",,,,,
"第二双节第1小节09:00-09:45
(09:00-09:45)","工科数学分析Ⅰ 07
1-4周,6-18周 程杞元 09:00-10:30 【1-210】",,,"工科数学分析Ⅰ 07
1-3周,5-18周 程杞元 09:00-10:30 【1-210】","工科数学分析Ⅰ 07
1-2周,5-18周 程杞元 09:00-10:30 【2-109】",,"工科数学分析Ⅰ 07
2周 程杞元 09:00-10:30 【2-109】"
"第二双节第2小节09:46-10:30
(09:46-10:30)",,,,,,,
"第三双节第1小节10:45-11:30
(10:45-11:30)",,,"大学英语（A-1） 07
1-4周,6-16周 吴业军 10:45-12:15 【1-208】",,"中国古代绘画理论与鉴赏 02
10-18周 翁毓衔 10:45-12:15 【3-228】",,
"第三双节第2小节11:31-12:15
(11:31-12:15)",,,,,,,
"第四双节第1小节14:00-14:45
(14:00-14:45)","大学英语（A-1） 07
1-4周,6-16周 吴业军 14:00-15:30 【1-208】","线性代数 07
1-4周,6-18周 廖泽宇 14:00-16:30 【2-115】","程序设计-C语言 04
1-4周,6-18周 邢伟 14:00-16:30 【SY02-525】",,"俄语B1 07
1-2周,5-18周 任秀娟 14:00-15:30 【E-201（原2A-201）】",,"俄语B1 07
2周 任秀娟 14:00-15:30 【E-201（原2A-201）】"
"第四双节第2小节14:46-15:30
(14:46-15:30)",,,,,,,
"第五双节第1单节15:45-16:30
(15:45-16:30)","俄语B1 07
1-4周,6-18周 任秀娟 15:45-17:15 【E-201（原2A-201）】",,,"计算机科学导论 04
1-3周,5-18周 刘铨权 15:45-17:15 【SY02-525】","形势与政策1、2 06
1-2周,5-9周 袁晓江 15:45-17:15 【3-228】",,"形势与政策1、2 06
2周 袁晓江 15:45-17:15 【3-228】"
"第五双节第2单节16:31-17:15
(16:31-17:15)",,,,,,,
"第六双节第1单节18:00-18:45
(18:00-18:45)",,,"中国近现代史纲要 01
1-4周,6-18周 刘世华 18:00-19:30 【3-228】",,,,
"第六双节第2单节18:46-19:30
(18:46-19:30)",,,,,,,
"第七双节第1单节19:45-20:30
(19:45-20:30)",,"国际象棋 09
1-4周,6-16周 程新楷 19:45-21:15 【1-330】",,,,,
"第七双节第2单节20:31-21:15
(20:31-21:15)",,,,,,,
打印人：曾乃器    打印时间：2026-09-26 22:14,,,,,,,
